{
  "hash": "1b043a10",
  "configHash": "1b1a5d6e",
  "lockfileHash": "ab53bb7e",
  "browserHash": "70430794",
  "optimized": {
    "@angular/common": {
      "src": "../../../../../node_modules/@angular/common/fesm2022/common.mjs",
      "file": "@angular_common.js",
      "fileHash": "e0a7e03b",
      "needsInterop": false
    },
    "@angular/core": {
      "src": "../../../../../node_modules/@angular/core/fesm2022/core.mjs",
      "file": "@angular_core.js",
      "fileHash": "824602a8",
      "needsInterop": false
    },
    "@angular/forms": {
      "src": "../../../../../node_modules/@angular/forms/fesm2022/forms.mjs",
      "file": "@angular_forms.js",
      "fileHash": "ed462fa0",
      "needsInterop": false
    },
    "@angular/material/card": {
      "src": "../../../../../node_modules/@angular/material/fesm2022/card.mjs",
      "file": "@angular_material_card.js",
      "fileHash": "3a55c7c9",
      "needsInterop": false
    },
    "@angular/material/snack-bar": {
      "src": "../../../../../node_modules/@angular/material/fesm2022/snack-bar.mjs",
      "file": "@angular_material_snack-bar.js",
      "fileHash": "e2fcb568",
      "needsInterop": false
    },
    "@angular/platform-browser": {
      "src": "../../../../../node_modules/@angular/platform-browser/fesm2022/platform-browser.mjs",
      "file": "@angular_platform-browser.js",
      "fileHash": "8e30fb7d",
      "needsInterop": false
    },
    "@angular/platform-browser/animations/async": {
      "src": "../../../../../node_modules/@angular/platform-browser/fesm2022/animations/async.mjs",
      "file": "@angular_platform-browser_animations_async.js",
      "fileHash": "8a2e2b77",
      "needsInterop": false
    },
    "@angular/router": {
      "src": "../../../../../node_modules/@angular/router/fesm2022/router.mjs",
      "file": "@angular_router.js",
      "fileHash": "ffd856b6",
      "needsInterop": false
    },
    "axios": {
      "src": "../../../../../node_modules/axios/index.js",
      "file": "axios.js",
      "fileHash": "9a38d534",
      "needsInterop": false
    }
  },
  "chunks": {
    "browser-6M6YHPOZ": {
      "file": "browser-6M6YHPOZ.js"
    },
    "chunk-U4FK4V6X": {
      "file": "chunk-U4FK4V6X.js"
    },
    "chunk-IZ5XWRWU": {
      "file": "chunk-IZ5XWRWU.js"
    },
    "chunk-GSNPKY3O": {
      "file": "chunk-GSNPKY3O.js"
    },
    "chunk-XUDNP2KR": {
      "file": "chunk-XUDNP2KR.js"
    },
    "chunk-7CFFGIKJ": {
      "file": "chunk-7CFFGIKJ.js"
    },
    "chunk-GLLL6ZVE": {
      "file": "chunk-GLLL6ZVE.js"
    }
  }
}